{
  "project_info": {
    "project_number": "74948737592",
    "firebase_url": "https://all-god-f4850.firebaseio.com",
    "project_id": "all-god-f4850",
    "storage_bucket": "all-god-f4850.appspot.com"
  },
  "client": [
    {
      "client_info": {
        "mobilesdk_app_id": "1:74948737592:android:c17e13f1a5f576c4e644cd",
        "android_client_info": {
          "package_name": "com.BlackTech.allGODstatus2020"
        }
      },
      "oauth_client": [
        {
          "client_id": "74948737592-mk3dc98kdjjdp5majjh55tgbndiu1aat.apps.googleusercontent.com",
          "client_type": 1,
          "android_info": {
            "package_name": "com.BlackTech.allGODstatus2020",
            "certificate_hash": "d8edb1d4535869f375f517dbe49ae61d1338dcc0"
          }
        },
        {
          "client_id": "74948737592-g4v8l756h47g1rdbg8qqbs9b8ic0r7un.apps.googleusercontent.com",
          "client_type": 3
        }
      ],
      "api_key": [
        {
          "current_key": "AIzaSyD8s1VkUxxVOTe_BN5ORgbAnQlQ6oQ4tPc"
        }
      ],
      "services": {
        "appinvite_service": {
          "other_platform_oauth_client": [
            {
              "client_id": "74948737592-g4v8l756h47g1rdbg8qqbs9b8ic0r7un.apps.googleusercontent.com",
              "client_type": 3
            }
          ]
        }
      }
    }
  ],
  "configuration_version": "1"
}